info,Eldrazi_StompykD03091W 42650 W0U15B4R2G16C14A0
land,Forest,4,,G,20,2016-05-26T01:07:33+09:00,http://www.hareruyamtg.com/jp/g/gSOI000297JN/,
land,Island,4,,U,20,2016-05-26T01:07:34+09:00,http://www.hareruyamtg.com/jp/g/gSOI000288JN/,
land,Llanowar Wastes,3,,C-B-G,450,2016-05-26T01:07:36+09:00,http://www.hareruyamtg.com/jp/g/gORI000248JN/,
land,Lumbering Falls,4,,G-U,350,2016-05-26T01:07:37+09:00,http://www.hareruyamtg.com/jp/g/gBFZ000239JN/,
land,Mirrorpool,1,,C,350,2016-05-26T01:07:40+09:00,http://www.hareruyamtg.com/jp/g/gOGW000174JN/,
land,Shivan Reef,2,,C-U-R,450,2016-05-26T01:07:53+09:00,http://www.hareruyamtg.com/jp/g/gORI000251JN/,
land,Spawning Bed,1,,C-B-C,20,2016-05-26T01:08:20+09:00,http://www.hareruyamtg.com/jp/g/gBFZ000248JN/,
land,Westvale Abbey,2,,C,1500,2016-05-26T01:08:42+09:00,http://www.hareruyamtg.com/jp/g/gSOI000281JN/,
land,Woodland Stream,1,,G-U,50,2016-05-26T01:08:45+09:00,http://www.hareruyamtg.com/jp/g/gSOI000282JN/,
land,Yavimaya Coast,4,,C-G-U,300,2016-05-26T01:08:58+09:00,http://www.hareruyamtg.com/jp/g/gORI000252JN/,
info,26 Lands 8430
creature,Altered Ego,1,‚w2GU,nil,80,2016-05-26T01:09:26+09:00,http://www.hareruyamtg.com/jp/g/gSOI000241JN/,
creature,Drowner of Hope,2,5U,nil,100,2016-05-26T01:09:28+09:00,http://www.hareruyamtg.com/jp/g/gBFZ000057JN/,
creature,Hangarback Walker,4,‚w‚w,nil,1100,2016-05-26T01:09:30+09:00,http://www.hareruyamtg.com/jp/g/gORI000229JN/,
creature,Reality Smasher,4,4C,nil,1100,2016-05-26T01:09:31+09:00,http://www.hareruyamtg.com/jp/g/gOGW000007JN/,
creature,Thought-Knot Seer,4,3C,nil,1600,2016-05-26T01:09:32+09:00,http://www.hareruyamtg.com/jp/g/gOGW000009JN/,
creature,Tireless Tracker,3,2G,nil,1400,2016-05-26T01:09:34+09:00,http://www.hareruyamtg.com/jp/g/gSOI000233JN/,
creature,Ulvenwald Hydra,1,4GG4GG,nil,300,2016-05-26T01:09:36+09:00,http://www.hareruyamtg.com/jp/g/gSOI000235JN/,
creature,Whirler Rogue,2,2UU,nil,50,2016-05-26T01:09:37+09:00,http://www.hareruyamtg.com/jp/g/gORI000083JN/,
info,21 Creatures 20080
spell,Clash of Wills,4,‚wU,nil,50,2016-05-26T01:10:04+09:00,http://www.hareruyamtg.com/jp/g/gORI000049JN/,
spell,Spatial Contortion,3,1C,nil,80,2016-05-26T01:10:06+09:00,http://www.hareruyamtg.com/jp/g/gOGW000008JN/,
spell,Oath of Nissa,2,G,nil,600,2016-05-26T01:10:07+09:00,http://www.hareruyamtg.com/jp/g/gOGW000140JN/,
spell,NissaPERIOD Voice of Zendikar,4,1GG,nil,2000,2016-05-26T01:10:09+09:00,http://www.hareruyamtg.com/jp/g/gOGW000138JN/,
info,13 Spells 9640
info,60 MainboardCards 38150 141 W0U11B0R0G18C11
sideboardCards,Altered Ego,1,‚w2GU,nil,80,2016-05-26T01:10:45+09:00,http://www.hareruyamtg.com/jp/g/gSOI000241JN/,
sideboardCards,World Breaker,1,6G,nil,1300,2016-05-26T01:10:47+09:00,http://www.hareruyamtg.com/jp/g/gOGW000126JN/,
sideboardCards,Clip Wings,2,1G,nil,50,2016-05-26T01:10:49+09:00,http://www.hareruyamtg.com/jp/g/gSOI000197JN/,
sideboardCards,Negate,2,1U,nil,30,2016-05-26T01:10:51+09:00,http://www.hareruyamtg.com/jp/g/gOGW000059JN/,
sideboardCards,Warping Wail,3,1C,nil,150,2016-05-26T01:10:52+09:00,http://www.hareruyamtg.com/jp/g/gOGW000012JN/,
sideboardCards,Displacement Wave,2,‚wUU,nil,80,2016-05-26T01:10:54+09:00,http://www.hareruyamtg.com/jp/g/gORI000055JN/,
sideboardCards,Evolutionary Leap,1,1G,nil,100,2016-05-26T01:10:56+09:00,http://www.hareruyamtg.com/jp/g/gORI000176JN/,
sideboardCards,JacePERIOD Unraveler of Secrets,2,3UU,nil,950,2016-05-26T01:10:59+09:00,http://www.hareruyamtg.com/jp/g/gSOI000069JN/,
sideboardCards,KioraPERIOD Master of the Depths,1,2GU,nil,350,2016-05-26T01:11:01+09:00,http://www.hareruyamtg.com/jp/g/gBFZ000213JN/,
info,15 SideboardCards 4500 45 W0U12B0R0G6C3
info,http://www.hareruyamtg.com//jp/k/kD03091W/
