info,Eldrazi_Stompy_kD09034S 32120 W0U13B0R11G0C15A0
land,Blighted Cataract,1,,C,20,2016-05-28T06:16:12+09:00,http://www.hareruyamtg.com/jp/g/gBFZ000229JN/,
land,Corrupted Crossroads,3,,C,80,2016-05-28T06:16:14+09:00,http://www.hareruyamtg.com/jp/g/gOGW000169JN/,
land,Foundry of the Consuls,4,,C,30,2016-05-28T06:16:16+09:00,http://www.hareruyamtg.com/jp/g/gORI000247JN/,
land,Highland Lake,1,,U-R,50,2016-05-28T06:16:18+09:00,http://www.hareruyamtg.com/jp/g/gSOI000277JN/,
land,Island,4,,U,20,2016-05-28T06:16:19+09:00,http://www.hareruyamtg.com/jp/g/gSOI000288JN/,
land,Mountain,2,,R,20,2016-05-28T06:16:20+09:00,http://www.hareruyamtg.com/jp/g/gSOI000294JN/,
land,Sea Gate Wreckage,1,,C,180,2016-05-28T06:16:22+09:00,http://www.hareruyamtg.com/jp/g/gOGW000177JN/,
land,Shivan Reef,4,,C-U-R,400,2016-05-28T06:16:34+09:00,http://www.hareruyamtg.com/jp/g/gORI000251JN/,
land,Wandering Fumarole,4,,U-R,400,2016-05-28T06:16:36+09:00,http://www.hareruyamtg.com/jp/g/gOGW000182JN/,
land,Westvale Abbey,2,,C,1600,2016-05-28T06:16:38+09:00,http://www.hareruyamtg.com/jp/g/gSOI000281JN/,
info,26 Lands 7130
creature,Dimensional Infiltrator,4,1U,nil,200,2016-05-28T06:16:40+09:00,http://www.hareruyamtg.com/jp/g/gOGW000044JN/,
creature,Drowner of Hope,1,5U,nil,100,2016-05-28T06:16:41+09:00,http://www.hareruyamtg.com/jp/g/gBFZ000057JN/,
creature,Eldrazi Skyspawner,3,2U,nil,50,2016-05-28T06:16:44+09:00,http://www.hareruyamtg.com/jp/g/gBFZ000058JN/,
creature,Matter Reshaper,4,2C,nil,650,2016-05-28T06:16:45+09:00,http://www.hareruyamtg.com/jp/g/gOGW000006JN/,
creature,Reality Smasher,4,4C,nil,1100,2016-05-28T06:16:47+09:00,http://www.hareruyamtg.com/jp/g/gOGW000007JN/,
creature,Thought-Knot Seer,4,3C,nil,1400,2016-05-28T06:16:48+09:00,http://www.hareruyamtg.com/jp/g/gOGW000009JN/,
creature,Vile Aggregate,4,2R,nil,30,2016-05-28T06:16:50+09:00,http://www.hareruyamtg.com/jp/g/gBFZ000137JN/,
creature,Whirler Rogue,2,2UU,nil,50,2016-05-28T06:16:52+09:00,http://www.hareruyamtg.com/jp/g/gORI000083JN/,
info,26 Creatures 13870
spell,Disperse,2,1U,nil,20,2016-05-28T06:16:54+09:00,http://www.hareruyamtg.com/jp/g/gORI000054JN/,
spell,Negate,2,1U,nil,30,2016-05-28T06:16:56+09:00,http://www.hareruyamtg.com/jp/g/gOGW000059JN/,
spell,Spatial Contortion,3,1C,nil,80,2016-05-28T06:16:58+09:00,http://www.hareruyamtg.com/jp/g/gOGW000008JN/,
spell,Warping Wail,1,1C,nil,150,2016-05-28T06:16:59+09:00,http://www.hareruyamtg.com/jp/g/gOGW000012JN/,
info,8 Spells 490
info,60 MainboardCards 21490 107 W0U16B0R4G0C16
sideboardCards,Eldrazi Obligator,1,2R,nil,100,2016-05-28T06:17:01+09:00,http://www.hareruyamtg.com/jp/g/gOGW000096JN/,
sideboardCards,Kozilek's Return,3,2R,nil,1300,2016-05-28T06:17:03+09:00,http://www.hareruyamtg.com/jp/g/gOGW000098JN/,
sideboardCards,Tears of Valakut,3,1R,nil,10,2016-05-28T06:17:05+09:00,http://www.hareruyamtg.com/jp/g/gOGW000118JN/,
sideboardCards,Crumble to Dust,2,3R,nil,60,2016-05-28T06:17:07+09:00,http://www.hareruyamtg.com/jp/g/gBFZ000128JN/,
sideboardCards,Fevered Visions,4,1UR,nil,120,2016-05-28T06:17:09+09:00,http://www.hareruyamtg.com/jp/g/gSOI000244JN/,
sideboardCards,ChandraPERIOD Flamecaller,2,4RR,nil,3000,2016-05-28T06:17:11+09:00,http://www.hareruyamtg.com/jp/g/gOGW000104JN/,
info,15 SideboardCards 10630 50 W0U4B0R17G0C0
info,http://www.hareruyamtg.com//jp/k/kD09034S/
