info,WB_Control_kD01452K 56650 W15U0B18R0G0C8A0
land,Blighted Fen,1,,C,30,2016-05-27T18:45:54+09:00,http://www.hareruyamtg.com/jp/g/gBFZ000230JN/,
land,Caves of Koilos,4,,C-W-B,300,2016-05-27T18:45:58+09:00,http://www.hareruyamtg.com/jp/g/gORI000245JN/,
land,Forsaken Sanctuary,4,,W-B,80,2016-05-27T18:46:01+09:00,http://www.hareruyamtg.com/jp/g/gSOI000273JN/,
land,Plains,3,,W,20,2016-05-27T18:46:02+09:00,http://www.hareruyamtg.com/jp/g/gSOI000285JN/,
land,Shambling Vent,4,,W-B,700,2016-05-27T18:46:04+09:00,http://www.hareruyamtg.com/jp/g/gBFZ000244JN/,
land,Swamp,6,,B,20,2016-05-27T18:46:05+09:00,http://www.hareruyamtg.com/jp/g/gSOI000291JN/,
land,Westvale Abbey,3,,C,1600,2016-05-27T18:46:07+09:00,http://www.hareruyamtg.com/jp/g/gSOI000281JN/,
info,25 Lands 9330
creature,Anguished Unmaking,3,1WB,nil,500,2016-05-27T18:46:10+09:00,http://www.hareruyamtg.com/jp/g/gSOI000242JN/,
creature,Grasp of Darkness,3,BB,nil,150,2016-05-27T18:46:12+09:00,http://www.hareruyamtg.com/jp/g/gOGW000085JN/,
creature,Hallowed Moonlight,2,1W,nil,350,2016-05-27T18:46:13+09:00,http://www.hareruyamtg.com/jp/g/gORI000017JN/,
creature,Secure the Wastes,3,‚wW,nil,950,2016-05-27T18:46:15+09:00,http://www.hareruyamtg.com/jp/g/gDTK000058JN/,
creature,Ultimate Price,2,1B,nil,80,2016-05-27T18:46:18+09:00,http://www.hareruyamtg.com/jp/g/gDTK000144JN/,
creature,Languish,4,2BB,nil,1100,2016-05-27T18:46:19+09:00,http://www.hareruyamtg.com/jp/g/gORI000105JN/,
creature,Planar Outburst,1,3WW,nil,150,2016-05-27T18:46:21+09:00,http://www.hareruyamtg.com/jp/g/gBFZ000042JN/,
creature,Read the Bones,4,2B,nil,50,2016-05-27T18:46:23+09:00,http://www.hareruyamtg.com/jp/g/gORI000114JN/,
creature,Ruinous Path,2,1BB,nil,400,2016-05-27T18:46:25+09:00,http://www.hareruyamtg.com/jp/g/gBFZ000123JN/,
creature,Transgress the Mind,2,1B,nil,300,2016-05-27T18:46:26+09:00,http://www.hareruyamtg.com/jp/g/gBFZ000101JN/,
creature,GideonPERIOD Ally of Zendikar,4,2WW,nil,3300,2016-05-27T18:46:28+09:00,http://www.hareruyamtg.com/jp/g/gBFZ000029JN/,
creature,Ob Nixilis Reignited,3,3BB,nil,850,2016-05-27T18:46:29+09:00,http://www.hareruyamtg.com/jp/g/gBFZ000119JN/,
creature,SorinPERIOD Grim Nemesis,2,4WB,nil,1600,2016-05-27T18:46:31+09:00,http://www.hareruyamtg.com/jp/g/gSOI000250JN/,
sideboardCards,KalitasPERIOD Traitor of Ghet,3,2BB,nil,3800,2016-05-27T18:46:33+09:00,http://www.hareruyamtg.com/jp/g/gOGW000086JN/,
sideboardCards,Reality Smasher,3,4C,nil,1100,2016-05-27T18:46:34+09:00,http://www.hareruyamtg.com/jp/g/gOGW000007JN/,
sideboardCards,Hallowed Moonlight,1,1W,nil,350,2016-05-27T18:46:36+09:00,http://www.hareruyamtg.com/jp/g/gORI000017JN/,
sideboardCards,Ultimate Price,2,1B,nil,80,2016-05-27T18:46:38+09:00,http://www.hareruyamtg.com/jp/g/gDTK000144JN/,
sideboardCards,Duress,3,B,nil,50,2016-05-27T18:46:39+09:00,http://www.hareruyamtg.com/jp/g/gDTK000173JN/,
sideboardCards,Infinite Obliteration,2,1BB,nil,450,2016-05-27T18:46:41+09:00,http://www.hareruyamtg.com/jp/g/gORI000103JN/,
sideboardCards,Transgress the Mind,1,1B,nil,300,2016-05-27T18:46:43+09:00,http://www.hareruyamtg.com/jp/g/gBFZ000101JN/,
info,15 SideboardCards 16560 44 W1U0B16R0G0C3
info,http://www.hareruyamtg.com//jp/k/kD01452K/
