info,WB_ControlkD09903S 44390 W19U0B14R4G0C10A0
land,Battlefield Forge,4,,C-R-W,250,2016-05-25T23:25:01+09:00,http://www.hareruyamtg.com/jp/g/gORI000244JN/,
land,Blighted Fen,2,,C,30,2016-05-25T23:25:05+09:00,http://www.hareruyamtg.com/jp/g/gBFZ000230JN/,
land,Caves of Koilos,4,,C-W-B,300,2016-05-25T23:25:07+09:00,http://www.hareruyamtg.com/jp/g/gORI000245JN/,
land,Forsaken Sanctuary,2,,W-B,80,2016-05-25T23:25:51+09:00,http://www.hareruyamtg.com/jp/g/gSOI000273JN/,
land,Plains,5,,W,20,2016-05-25T23:25:52+09:00,http://www.hareruyamtg.com/jp/g/gSOI000285JN/,
land,Shambling Vent,4,,W-B,750,2016-05-25T23:25:56+09:00,http://www.hareruyamtg.com/jp/g/gBFZ000244JN/,
land,Swamp,4,,B,20,2016-05-25T23:25:57+09:00,http://www.hareruyamtg.com/jp/g/gSOI000291JN/,
info,25 Lands 5600
creature,Eldrazi Displacer,2,2W,nil,900,2016-05-25T23:25:58+09:00,http://www.hareruyamtg.com/jp/g/gOGW000013JN/,
creature,KalitasPERIOD Traitor of Ghet,1,2BB,nil,4200,2016-05-25T23:26:00+09:00,http://www.hareruyamtg.com/jp/g/gOGW000086JN/,
creature,Matter Reshaper,2,2C,nil,650,2016-05-25T23:26:01+09:00,http://www.hareruyamtg.com/jp/g/gOGW000006JN/,
creature,Reality Smasher,2,4C,nil,1100,2016-05-25T23:26:03+09:00,http://www.hareruyamtg.com/jp/g/gOGW000007JN/,
creature,Thought-Knot Seer,4,3C,nil,1600,2016-05-25T23:26:03+09:00,http://www.hareruyamtg.com/jp/g/gOGW000009JN/,
info,11 Creatures 15900
spell,Anguished Unmaking,2,1WB,nil,550,2016-05-25T23:26:16+09:00,http://www.hareruyamtg.com/jp/g/gSOI000242JN/,
spell,Grasp of Darkness,2,BB,nil,150,2016-05-25T23:26:17+09:00,http://www.hareruyamtg.com/jp/g/gOGW000085JN/,
spell,Ultimate Price,2,1B,nil,80,2016-05-25T23:26:35+09:00,http://www.hareruyamtg.com/jp/g/gDTK000144JN/,
spell,Dark Petition,1,3BB,nil,900,2016-05-25T23:26:36+09:00,http://www.hareruyamtg.com/jp/g/gORI000090JN/,
spell,Declaration in Stone,4,1W,nil,1400,2016-05-25T23:26:38+09:00,http://www.hareruyamtg.com/jp/g/gSOI000012JN/,
spell,Languish,1,2BB,nil,1200,2016-05-25T23:26:39+09:00,http://www.hareruyamtg.com/jp/g/gORI000105JN/,
spell,Read the Bones,2,2B,nil,50,2016-05-25T23:27:00+09:00,http://www.hareruyamtg.com/jp/g/gORI000114JN/,
spell,Transgress the Mind,2,1B,nil,300,2016-05-25T23:27:02+09:00,http://www.hareruyamtg.com/jp/g/gBFZ000101JN/,
spell,Stasis Snare,2,1WW,nil,150,2016-05-25T23:27:16+09:00,http://www.hareruyamtg.com/jp/g/gBFZ000050JN/,
spell,Brain in a Jar,3,2,nil,100,2016-05-25T23:27:42+09:00,http://www.hareruyamtg.com/jp/g/gSOI000252JN/,
spell,GideonPERIOD Ally of Zendikar,1,2WW,nil,3400,2016-05-25T23:27:44+09:00,http://www.hareruyamtg.com/jp/g/gBFZ000029JN/,
spell,SorinPERIOD Grim Nemesis,2,4WB,nil,1900,2016-05-25T23:27:46+09:00,http://www.hareruyamtg.com/jp/g/gSOI000250JN/,
info,24 Spells 17760
info,60 MainboardCards 39260 111 W16U0B20R0G0C8
sideboardCards,Hallowed Moonlight,3,1W,nil,400,2016-05-25T23:27:49+09:00,http://www.hareruyamtg.com/jp/g/gORI000017JN/,
sideboardCards,To the Slaughter,2,2B,nil,200,2016-05-25T23:27:51+09:00,http://www.hareruyamtg.com/jp/g/gSOI000139JN/,
sideboardCards,Warping Wail,2,1C,nil,150,2016-05-25T23:27:53+09:00,http://www.hareruyamtg.com/jp/g/gOGW000012JN/,
sideboardCards,Dark Petition,1,3BB,nil,900,2016-05-25T23:27:54+09:00,http://www.hareruyamtg.com/jp/g/gORI000090JN/,
sideboardCards,Descend upon the Sinful,1,4WW,nil,400,2016-05-25T23:27:56+09:00,http://www.hareruyamtg.com/jp/g/gSOI000013JN/,
sideboardCards,Languish,1,2BB,nil,1200,2016-05-25T23:27:58+09:00,http://www.hareruyamtg.com/jp/g/gORI000105JN/,
sideboardCards,Ruinous Path,1,1BB,nil,350,2016-05-25T23:28:24+09:00,http://www.hareruyamtg.com/jp/g/gBFZ000123JN/,
sideboardCards,nil,1,0,nil,60,2016-05-25T23:28:26+09:00,http://www.hareruyamtg.com/jp/g/gDTK000126JN/,
sideboardCards,Silkwrap,1,1W,nil,200,2016-05-25T23:28:28+09:00,http://www.hareruyamtg.com/jp/g/gDTK000130JN/,
sideboardCards,Virulent Plague,2,2B,nil,60,2016-05-25T23:28:41+09:00,http://www.hareruyamtg.com/jp/g/gDTK000145JN/,
info,15 SideboardCards 5130 42 W6U0B10R0G0C2
info,http://www.hareruyamtg.com//jp/k/kD09903S/
